max_phase,molecule_chembl_id,pref_name
4.0,CHEMBL42,CLOZAPINE
2.0,CHEMBL7549,PRECLAMOL
4.0,CHEMBL54,HALOPERIDOL
2.0,CHEMBL275707,RIMCAZOLE
,CHEMBL282433,DITOLYLGUANIDINE
3.0,CHEMBL281594,VANOXERINE
4.0,CHEMBL22242,REMOXIPRIDE
,CHEMBL38085,
,CHEMBL38904,
,CHEMBL39900,SPIPETHIANE
,CHEMBL38634,
,CHEMBL41830,
,CHEMBL297634,
,CHEMBL47834,
,CHEMBL48124,
,CHEMBL47714,
,CHEMBL47715,
,CHEMBL417357,
,CHEMBL417181,
,CHEMBL44604,
,CHEMBL289645,
,CHEMBL298492,
,CHEMBL45962,
,CHEMBL47774,
,CHEMBL47678,
,CHEMBL47279,
,CHEMBL295891,
,CHEMBL48075,
,CHEMBL46169,
,CHEMBL43783,
,CHEMBL296504,
2.0,CHEMBL45686,PANAMESINE
,CHEMBL46438,
,CHEMBL46496,
,CHEMBL45968,
,CHEMBL45535,
,CHEMBL417353,
,CHEMBL50771,
,CHEMBL45849,
,CHEMBL295039,
,CHEMBL60859,BMY-14802
,CHEMBL60542,(+)-PENTAZOCINE
,CHEMBL67010,
,CHEMBL67665,
,CHEMBL67388,
,CHEMBL63508,
4.0,CHEMBL73234,CARBETAPENTANE
,CHEMBL81602,
,CHEMBL86477,
,CHEMBL314433,
,CHEMBL314424,
,CHEMBL316444,
,CHEMBL313179,
,CHEMBL86830,
,CHEMBL136989,
,CHEMBL137041,
,CHEMBL138688,
,CHEMBL343580,
,CHEMBL341957,
,CHEMBL344023,
,CHEMBL334568,
,CHEMBL423917,
,CHEMBL134856,
,CHEMBL138932,
,CHEMBL139735,
,CHEMBL139922,
,CHEMBL341936,
,CHEMBL344186,
,CHEMBL136451,
,CHEMBL337796,
,CHEMBL136114,
,CHEMBL138393,
,CHEMBL344402,
,CHEMBL336037,
,CHEMBL138894,
,CHEMBL141209,
,CHEMBL138809,
,CHEMBL138533,
,CHEMBL137990,
,CHEMBL358455,
,CHEMBL434067,
,CHEMBL148236,
,CHEMBL148289,
,CHEMBL148276,
,CHEMBL358541,
,CHEMBL357179,
,CHEMBL147093,
,CHEMBL147152,
,CHEMBL344348,
,CHEMBL342351,
,CHEMBL358579,
,CHEMBL148054,
,CHEMBL148009,
,CHEMBL147316,
,CHEMBL147151,
,CHEMBL144662,
4.0,CHEMBL370805,COCAINE
,CHEMBL1189436,
,CHEMBL1191528,
,CHEMBL1192761,
2.0,CHEMBL275528,PHENCYCLIDINE
,CHEMBL274699,
,CHEMBL14876,
,CHEMBL276935,
,CHEMBL14835,
,CHEMBL15185,
,CHEMBL14553,
,CHEMBL14900,
,CHEMBL15288,
,CHEMBL15223,
,CHEMBL15456,
,CHEMBL15499,
,CHEMBL15601,
,CHEMBL280063,
,CHEMBL16123,
,CHEMBL20377,
,CHEMBL277927,
,CHEMBL26320,
,CHEMBL286991,
,CHEMBL300647,
,CHEMBL45491,
,CHEMBL53649,
2.0,CHEMBL61946,CARAMIPHEN
,CHEMBL301867,
,CHEMBL71049,
,CHEMBL70540,
,CHEMBL312766,
,CHEMBL305881,
,CHEMBL76895,
,CHEMBL1036,HYDROXYHALOPERIDOL
,CHEMBL316244,
,CHEMBL315166,
,CHEMBL433340,
,CHEMBL86519,
,CHEMBL87841,
,CHEMBL315846,
,CHEMBL84971,
,CHEMBL89832,
,CHEMBL330021,
,CHEMBL114203,
,CHEMBL114358,
,CHEMBL115998,
,CHEMBL324392,
,CHEMBL116643,
,CHEMBL325052,
,CHEMBL117319,
,CHEMBL324505,
,CHEMBL117183,
,CHEMBL114123,
,CHEMBL113703,
,CHEMBL137675,
,CHEMBL139629,
,CHEMBL136275,
,CHEMBL136677,
,CHEMBL335953,
,CHEMBL137606,
,CHEMBL138794,
,CHEMBL139340,
,CHEMBL134855,
,CHEMBL344873,
,CHEMBL136231,
,CHEMBL442408,
,CHEMBL343137,
,CHEMBL135083,
,CHEMBL343927,
,CHEMBL139156,
,CHEMBL343752,
,CHEMBL344425,
,CHEMBL138249,
,CHEMBL345051,
,CHEMBL347761,
,CHEMBL343429,
,CHEMBL356855,
,CHEMBL142577,
,CHEMBL164037,
,CHEMBL159608,
,CHEMBL159967,
,CHEMBL159319,
,CHEMBL159320,
,CHEMBL163980,
,CHEMBL607105,
,CHEMBL607155,
,CHEMBL607159,
,CHEMBL607210,
,CHEMBL607211,
,CHEMBL607212,
,CHEMBL607213,
,CHEMBL607273,
,CHEMBL607276,
,CHEMBL607392,
,CHEMBL607448,
,CHEMBL607450,
,CHEMBL607452,
,CHEMBL606835,
,CHEMBL606887,
,CHEMBL606889,
,CHEMBL606890,
,CHEMBL606891,
,CHEMBL2303661,
,CHEMBL2303668,
,CHEMBL415985,
,CHEMBL280088,
,CHEMBL15955,
,CHEMBL15941,
,CHEMBL15637,
,CHEMBL15809,
,CHEMBL15986,
,CHEMBL70807,
,CHEMBL70861,
,CHEMBL420557,
,CHEMBL314170,
,CHEMBL87414,
,CHEMBL315146,
,CHEMBL106437,
,CHEMBL102999,
,CHEMBL316988,
,CHEMBL326548,
,CHEMBL116738,
,CHEMBL117321,
,CHEMBL114163,
,CHEMBL116354,
,CHEMBL117128,
,CHEMBL326370,
,CHEMBL326571,
,CHEMBL115917,
,CHEMBL117379,
,CHEMBL326103,
,CHEMBL339281,
,CHEMBL127365,
,CHEMBL337929,
,CHEMBL340816,
,CHEMBL339712,
,CHEMBL127013,
,CHEMBL405524,
,CHEMBL126257,
,CHEMBL126762,
,CHEMBL127790,
,CHEMBL127180,
,CHEMBL125795,
,CHEMBL339863,
,CHEMBL338411,
,CHEMBL126019,
,CHEMBL340185,
,CHEMBL137794,
,CHEMBL134313,
,CHEMBL342223,
,CHEMBL137348,
,CHEMBL136981,
,CHEMBL337818,
,CHEMBL138123,
,CHEMBL343790,
,CHEMBL147585,
,CHEMBL162522,
,CHEMBL349288,
,CHEMBL162807,
,CHEMBL422020,
,CHEMBL185841,
,CHEMBL607106,
,CHEMBL607156,
,CHEMBL607157,
,CHEMBL607158,
,CHEMBL607214,
,CHEMBL607274,
,CHEMBL607275,
,CHEMBL607278,
,CHEMBL607331,
,CHEMBL607332,
,CHEMBL607333,
,CHEMBL607334,
,CHEMBL607335,
,CHEMBL607390,
,CHEMBL607391,
,CHEMBL607449,
,CHEMBL607451,
,CHEMBL606783,
,CHEMBL606784,
,CHEMBL606834,
,CHEMBL606838,
,CHEMBL606937,
,CHEMBL606938,
,CHEMBL1189670,
,CHEMBL1189788,
,CHEMBL1190143,
,CHEMBL1190519,
,CHEMBL1193750,
,CHEMBL1193755,
,CHEMBL1193956,
,CHEMBL1193957,
,CHEMBL1194162,
,CHEMBL1194164,
,CHEMBL1194940,
,CHEMBL1195820,
,CHEMBL1195822,
,CHEMBL1195837,
,CHEMBL1195917,
,CHEMBL1196092,
,CHEMBL2109984,
,CHEMBL2109985,
,CHEMBL2368719,
,CHEMBL2374421,
,CHEMBL274099,
,CHEMBL20730,VESAMICOL
,CHEMBL47251,
,CHEMBL46596,
,CHEMBL46463,
,CHEMBL274585,
,CHEMBL64511,
,CHEMBL291879,
,CHEMBL418132,
,CHEMBL64556,
,CHEMBL63322,
,CHEMBL62404,
,CHEMBL63215,
,CHEMBL292477,
,CHEMBL63010,
,CHEMBL75678,
,CHEMBL77204,
,CHEMBL80656,
,CHEMBL308098,
,CHEMBL76528,
,CHEMBL308304,
,CHEMBL431775,
,CHEMBL413057,
,CHEMBL76564,
,CHEMBL312254,
,CHEMBL308818,
,CHEMBL77289,
,CHEMBL308185,
,CHEMBL419656,
,CHEMBL308980,
,CHEMBL74665,
,CHEMBL77286,
,CHEMBL77352,
,CHEMBL80397,
,CHEMBL77120,
,CHEMBL312576,
,CHEMBL310499,
,CHEMBL311451,
,CHEMBL306768,
,CHEMBL101607,
,CHEMBL101300,
,CHEMBL103157,
,CHEMBL100789,
,CHEMBL317354,
,CHEMBL430466,
,CHEMBL321289,
,CHEMBL106910,
,CHEMBL324418,
,CHEMBL107870,
,CHEMBL107922,
,CHEMBL324620,
,CHEMBL107485,
,CHEMBL108972,
,CHEMBL109026,
,CHEMBL107720,
,CHEMBL325320,
,CHEMBL321702,
,CHEMBL323476,
,CHEMBL110099,
,CHEMBL107717,
,CHEMBL111331,
,CHEMBL338469,
,CHEMBL126742,
,CHEMBL338140,
,CHEMBL340815,
,CHEMBL341139,
,CHEMBL128717,
,CHEMBL127720,
,CHEMBL338781,
,CHEMBL128860,
,CHEMBL341003,
,CHEMBL128799,
,CHEMBL342942,
,CHEMBL165848,
,CHEMBL163876,
,CHEMBL164124,
,CHEMBL162422,
,CHEMBL186350,
,CHEMBL188713,
,CHEMBL1178012,
,CHEMBL1191092,
,CHEMBL1191310,
,CHEMBL1191381,
,CHEMBL1191655,
,CHEMBL1191933,
,CHEMBL1192403,
,CHEMBL1192557,
,CHEMBL1192957,
,CHEMBL1192958,
,CHEMBL1192959,
,CHEMBL1193356,
,CHEMBL1193357,
,CHEMBL1193560,
,CHEMBL1194157,
,CHEMBL1194163,
,CHEMBL1194228,
,CHEMBL1194757,
,CHEMBL1195151,
,CHEMBL1195353,
,CHEMBL2109983,
,CHEMBL560,
4.0,CHEMBL52440,DEXTROMETHORPHAN
,CHEMBL53078,
,CHEMBL54026,
,CHEMBL50465,
,CHEMBL303336,
,CHEMBL62770,
,CHEMBL62540,
,CHEMBL64346,
,CHEMBL63162,
,CHEMBL64840,
,CHEMBL444267,
,CHEMBL64607,
,CHEMBL60137,
,CHEMBL418310,
,CHEMBL61938,
,CHEMBL302197,
,CHEMBL439751,
,CHEMBL61005,
,CHEMBL61337,
,CHEMBL61338,
,CHEMBL62407,
,CHEMBL63110,
,CHEMBL62408,
,CHEMBL423664,
,CHEMBL62116,
,CHEMBL64470,
,CHEMBL62126,
,CHEMBL292259,
,CHEMBL307444,
,CHEMBL76849,
,CHEMBL77206,
,CHEMBL76475,
,CHEMBL76927,
,CHEMBL78067,
,CHEMBL311508,
,CHEMBL80784,
,CHEMBL430444,
,CHEMBL80968,
,CHEMBL262760,
,CHEMBL308097,
,CHEMBL307253,
,CHEMBL77285,
,CHEMBL76547,
,CHEMBL306955,
,CHEMBL78059,
,CHEMBL76864,
,CHEMBL75860,
,CHEMBL309015,
,CHEMBL311579,
,CHEMBL311622,
,CHEMBL305728,
,CHEMBL77405,
,CHEMBL76806,
,CHEMBL77773,
,CHEMBL75810,
,CHEMBL75864,
,CHEMBL80326,
,CHEMBL77953,
,CHEMBL312692,
,CHEMBL312631,
,CHEMBL80395,
,CHEMBL76802,
,CHEMBL75816,
,CHEMBL318823,
,CHEMBL330601,
,CHEMBL101732,
,CHEMBL103816,
,CHEMBL318877,
,CHEMBL103319,
,CHEMBL103156,
,CHEMBL419343,
,CHEMBL99854,
,CHEMBL276078,
,CHEMBL102406,
,CHEMBL104042,
,CHEMBL106085,
,CHEMBL106027,
,CHEMBL323281,
,CHEMBL319236,
,CHEMBL322468,
,CHEMBL110319,
,CHEMBL421446,
,CHEMBL128999,
,CHEMBL128254,
,CHEMBL340587,
,CHEMBL339638,
,CHEMBL128944,
,CHEMBL340275,
,CHEMBL339253,
,CHEMBL127899,
,CHEMBL141381,
,CHEMBL143800,
,CHEMBL145296,
,CHEMBL190883,
2.0,CHEMBL257661,METAZOCINE
,CHEMBL1189514,
,CHEMBL1190190,
,CHEMBL1192624,
,CHEMBL1195103,
,CHEMBL9666,
,CHEMBL9434,PHENYLPIPERAZINE
,CHEMBL274866,
,CHEMBL277120,
,CHEMBL19351,
,CHEMBL20969,
,CHEMBL38791,
,CHEMBL50880,
,CHEMBL301772,
,CHEMBL51146,
,CHEMBL298778,
,CHEMBL298997,
,CHEMBL51630,
,CHEMBL52372,
,CHEMBL53070,
,CHEMBL50352,
,CHEMBL50029,
,CHEMBL431343,
,CHEMBL50239,
,CHEMBL53938,
,CHEMBL300860,
,CHEMBL53325,
,CHEMBL300408,
,CHEMBL52790,
,CHEMBL54020,
,CHEMBL53102,
,CHEMBL53218,
,CHEMBL50517,
,CHEMBL53778,
,CHEMBL54571,
,CHEMBL298759,
,CHEMBL53650,
,CHEMBL53401,
,CHEMBL301732,
,CHEMBL54662,
,CHEMBL52835,
,CHEMBL54092,
,CHEMBL423122,
,CHEMBL301929,
,CHEMBL51959,
,CHEMBL51856,
,CHEMBL52588,
,CHEMBL54865,
,CHEMBL52300,
,CHEMBL53038,
,CHEMBL416481,
,CHEMBL54027,
,CHEMBL298875,
,CHEMBL298864,
,CHEMBL52298,
,CHEMBL416846,
,CHEMBL54667,
,CHEMBL51754,
,CHEMBL301302,
,CHEMBL53320,
,CHEMBL59517,
,CHEMBL85879,
,CHEMBL94844,
,CHEMBL97302,
,CHEMBL97285,
,CHEMBL94801,
,CHEMBL94950,
,CHEMBL96777,
,CHEMBL421195,
,CHEMBL95857,
,CHEMBL316520,
,CHEMBL95701,
,CHEMBL97524,
,CHEMBL109124,
,CHEMBL113624,
,CHEMBL113621,
,CHEMBL112037,
,CHEMBL325238,
,CHEMBL113293,
,CHEMBL113600,
,CHEMBL420302,
,CHEMBL115508,
,CHEMBL114477,
,CHEMBL114478,
,CHEMBL325262,
,CHEMBL112574,
,CHEMBL112125,
,CHEMBL358527,
,CHEMBL356639,
,CHEMBL145780,
,CHEMBL146659,
,CHEMBL145422,
,CHEMBL160817,
,CHEMBL159022,
,CHEMBL1179993,
,CHEMBL1190672,
,CHEMBL1191079,
,CHEMBL1191292,
,CHEMBL1194147,
,CHEMBL1194148,
,CHEMBL2008608,
,CHEMBL2111684,
,CHEMBL2111685,
,CHEMBL2111686,
,CHEMBL3350264,
2.0,CHEMBL478,CHLOROPHENYLPIPERAZINE
,CHEMBL278509,
4.0,CHEMBL660,AMANTADINE
,CHEMBL52849,
,CHEMBL78777,
,CHEMBL81451,
,CHEMBL81500,
,CHEMBL439765,
,CHEMBL82081,
,CHEMBL83448,
,CHEMBL81455,
,CHEMBL79660,
,CHEMBL81389,
,CHEMBL79840,
,CHEMBL79841,
,CHEMBL81360,
,CHEMBL83430,
,CHEMBL309983,
2.0,CHEMBL92484,APTIGANEL
,CHEMBL91628,
,CHEMBL93442,
,CHEMBL96524,
,CHEMBL322329,
,CHEMBL111896,
,CHEMBL112124,
,CHEMBL114510,
,CHEMBL334036,
,CHEMBL112474,
,CHEMBL348313,
,CHEMBL1189094,
,CHEMBL1189107,
,CHEMBL1189111,
,CHEMBL1189219,
,CHEMBL1189225,
,CHEMBL1189234,
,CHEMBL1189705,
,CHEMBL1189714,
,CHEMBL1189827,
,CHEMBL1190185,
,CHEMBL1190422,
,CHEMBL1190428,
,CHEMBL1190431,
,CHEMBL1190914,
,CHEMBL1190923,
,CHEMBL1191176,
,CHEMBL1191387,
,CHEMBL1191390,
,CHEMBL1191394,
,CHEMBL1191395,
,CHEMBL1191399,
,CHEMBL1191609,
,CHEMBL1191614,
,CHEMBL1191807,
,CHEMBL1191808,
,CHEMBL1191810,
,CHEMBL1191815,
,CHEMBL1192015,
,CHEMBL1192019,
,CHEMBL1192022,
,CHEMBL1192023,
,CHEMBL1192223,
,CHEMBL1192224,
,CHEMBL1192226,
,CHEMBL1192227,
,CHEMBL1192228,
,CHEMBL1192230,
,CHEMBL1192431,
,CHEMBL1192438,
,CHEMBL1192838,
,CHEMBL1192839,
,CHEMBL1193436,
,CHEMBL1193634,
,CHEMBL1193637,
,CHEMBL1193840,
,CHEMBL1193841,
,CHEMBL1193842,
,CHEMBL1194037,
,CHEMBL1194040,
,CHEMBL1194042,
,CHEMBL1194043,
,CHEMBL1194237,
,CHEMBL1194242,
,CHEMBL1194401,
,CHEMBL1194508,
,CHEMBL1194536,
,CHEMBL1194537,
,CHEMBL1194636,
,CHEMBL1194727,
,CHEMBL1194794,
,CHEMBL1195028,
,CHEMBL1195030,
,CHEMBL1195346,
,CHEMBL1195456,
,CHEMBL1195561,
,CHEMBL1195654,
,CHEMBL1195660,
,CHEMBL1195931,
,CHEMBL1195984,
,CHEMBL1196177,
,CHEMBL2110054,
,CHEMBL267014,L-745870
4.0,CHEMBL85,RISPERIDONE
,CHEMBL273866,
4.0,CHEMBL14376,ILOPERIDONE
,CHEMBL18025,
,CHEMBL18811,
,CHEMBL289948,
,CHEMBL287794,
,CHEMBL290235,
,CHEMBL290032,
,CHEMBL288285,
,CHEMBL41313,
,CHEMBL43398,
,CHEMBL38697,
,CHEMBL37966,
,CHEMBL39284,
,CHEMBL290675,
,CHEMBL42228,
,CHEMBL50112,
,CHEMBL46326,
,CHEMBL539938,
,CHEMBL58601,
,CHEMBL60814,
,CHEMBL300351,
,CHEMBL57606,
,CHEMBL57297,
,CHEMBL300150,
,CHEMBL58282,
,CHEMBL59006,
,CHEMBL301642,
,CHEMBL61177,
,CHEMBL60872,
,CHEMBL61304,
,CHEMBL302096,
,CHEMBL303408,
,CHEMBL65951,
,CHEMBL71104,
,CHEMBL73169,
,CHEMBL304506,
,CHEMBL69972,
,CHEMBL308433,
,CHEMBL77925,
,CHEMBL308633,
,CHEMBL308085,
,CHEMBL76556,
,CHEMBL307850,
,CHEMBL80582,
,CHEMBL274490,
,CHEMBL78272,
,CHEMBL76807,
,CHEMBL76944,
,CHEMBL75625,
,CHEMBL76002,
,CHEMBL76256,
,CHEMBL311578,
,CHEMBL440689,
,CHEMBL80422,
,CHEMBL316267,
,CHEMBL87321,
,CHEMBL104945,
,CHEMBL317029,
,CHEMBL323287,
,CHEMBL105645,
,CHEMBL103277,
,CHEMBL322275,
,CHEMBL116434,
,CHEMBL118797,
,CHEMBL118405,
,CHEMBL324513,
,CHEMBL118297,
,CHEMBL119310,
,CHEMBL326935,
,CHEMBL116773,
,CHEMBL119104,
,CHEMBL115956,
,CHEMBL119458,
,CHEMBL117050,
,CHEMBL117051,
,CHEMBL119481,
,CHEMBL118160,
,CHEMBL122761,
,CHEMBL331470,
,CHEMBL330865,
,CHEMBL424125,
2.0,CHEMBL151475,ABAPERIDONE
,CHEMBL174300,
,CHEMBL367723,
,CHEMBL1189682,
,CHEMBL1190041,
,CHEMBL1190156,
,CHEMBL1191117,
,CHEMBL1191314,
,CHEMBL1191339,
,CHEMBL1191734,
,CHEMBL1191937,
,CHEMBL1192000,
,CHEMBL1193225,
,CHEMBL1193985,
,CHEMBL1194793,
,CHEMBL2110041,
,CHEMBL6224,
4.0,CHEMBL49,BUSPIRONE
,CHEMBL12047,
,CHEMBL18618,
,CHEMBL280329,
,CHEMBL17945,
,CHEMBL273326,
,CHEMBL18556,
,CHEMBL428529,
,CHEMBL279873,
,CHEMBL18190,
,CHEMBL18502,
4.0,CHEMBL19393,LEVAMFETAMINE
,CHEMBL20626,
,CHEMBL20337,
,CHEMBL20976,
,CHEMBL20700,
,CHEMBL20302,
,CHEMBL278585,
,CHEMBL20804,
,CHEMBL26929,
,CHEMBL291300,
,CHEMBL38322,
,CHEMBL287975,
,CHEMBL37508,
,CHEMBL286353,
,CHEMBL39445,
,CHEMBL39615,
,CHEMBL39941,
,CHEMBL288933,
,CHEMBL289767,
,CHEMBL412640,
,CHEMBL288623,
,CHEMBL40676,
,CHEMBL38514,
,CHEMBL418484,
,CHEMBL71883,
,CHEMBL71616,
,CHEMBL305461,
,CHEMBL444590,
,CHEMBL108241,
,CHEMBL123014,
,CHEMBL122538,
,CHEMBL331172,
,CHEMBL122758,
,CHEMBL124411,
,CHEMBL129768,
,CHEMBL340532,
,CHEMBL446358,
,CHEMBL140406,
,CHEMBL148055,
,CHEMBL143110,
,CHEMBL146144,
,CHEMBL172161,
,CHEMBL171181,
,CHEMBL172556,
,CHEMBL172363,
,CHEMBL173190,
,CHEMBL366459,
,CHEMBL367435,
,CHEMBL174083,
,CHEMBL175300,
,CHEMBL277302,
,CHEMBL1180325,
,CHEMBL1180355,
,CHEMBL1180362,
,CHEMBL1180370,
,CHEMBL1189696,
,CHEMBL1189923,
,CHEMBL1190020,
,CHEMBL1191160,
,CHEMBL1191374,
,CHEMBL1191591,
,CHEMBL1191799,
,CHEMBL1192357,
,CHEMBL1192565,
,CHEMBL1192620,
,CHEMBL1192820,
,CHEMBL1193162,
,CHEMBL1193619,
,CHEMBL1193817,
,CHEMBL1193819,
,CHEMBL1193960,
,CHEMBL1194154,
,CHEMBL1194166,
,CHEMBL1194374,
,CHEMBL1195388,
,CHEMBL1195566,
,CHEMBL1195653,
,CHEMBL1196028,
,CHEMBL1196748,
4.0,CHEMBL1201201,METHAMPHETAMINE
,CHEMBL1907643,
,CHEMBL1907644,N-BENZYLAMPHETAMINE
,CHEMBL1907645,
,CHEMBL1907646,
,CHEMBL1907647,
,CHEMBL1907648,
,CHEMBL1907649,
,CHEMBL1907650,
,CHEMBL19544,
,CHEMBL19355,
2.0,CHEMBL282567,PROADIFEN
,CHEMBL37186,
,CHEMBL37470,
,CHEMBL37088,
,CHEMBL37468,
,CHEMBL288466,
,CHEMBL37256,
,CHEMBL39480,
,CHEMBL40113,
,CHEMBL35714,
,CHEMBL38047,
,CHEMBL38264,
,CHEMBL36966,
,CHEMBL35828,
,CHEMBL40278,
,CHEMBL36491,
,CHEMBL37138,
,CHEMBL39713,
,CHEMBL40897,
,CHEMBL39638,
,CHEMBL38023,
,CHEMBL38565,
,CHEMBL39202,
,CHEMBL39233,
,CHEMBL39001,
,CHEMBL38952,
,CHEMBL39809,
,CHEMBL290612,
,CHEMBL38392,
,CHEMBL418239,
,CHEMBL38708,
,CHEMBL38896,
,CHEMBL38897,
,CHEMBL36928,
,CHEMBL39053,
,CHEMBL38585,
,CHEMBL39163,
,CHEMBL38862,
,CHEMBL288148,
,CHEMBL39583,
,CHEMBL39584,
,CHEMBL434593,
,CHEMBL40016,
,CHEMBL432859,
,CHEMBL289896,
,CHEMBL36675,
,CHEMBL412429,
,CHEMBL440606,
,CHEMBL38809,
,CHEMBL38460,
,CHEMBL38983,
,CHEMBL37149,
,CHEMBL40115,
,CHEMBL289924,
,CHEMBL68905,
,CHEMBL71773,
,CHEMBL67808,
,CHEMBL305218,
,CHEMBL302087,
,CHEMBL303263,
,CHEMBL69256,
,CHEMBL71155,
,CHEMBL304283,
,CHEMBL304079,
,CHEMBL72045,
,CHEMBL72061,
,CHEMBL101664,
2.0,CHEMBL340211,AZAPERONE
,CHEMBL420344,
,CHEMBL129159,
,CHEMBL129237,
,CHEMBL129521,
,CHEMBL339963,
,CHEMBL339033,
,CHEMBL126738,
,CHEMBL126086,
,CHEMBL340401,
,CHEMBL130356,
,CHEMBL130357,
,CHEMBL338181,
,CHEMBL129452,
,CHEMBL127067,
,CHEMBL130526,
,CHEMBL126684,
,CHEMBL125913,
,CHEMBL126437,
,CHEMBL1189053,
,CHEMBL1189655,
,CHEMBL1189662,
,CHEMBL1190617,
,CHEMBL1191085,
,CHEMBL1191304,
,CHEMBL1192555,
,CHEMBL1192752,
,CHEMBL1193154,
,CHEMBL1195461,
,CHEMBL1195916,
,CHEMBL1196305,
,CHEMBL276500,
,CHEMBL19082,
,CHEMBL19541,
,CHEMBL19841,
,CHEMBL281619,
,CHEMBL20807,
,CHEMBL20768,
,CHEMBL25858,
,CHEMBL291132,
,CHEMBL38323,
,CHEMBL38294,
,CHEMBL289702,
,CHEMBL39203,
,CHEMBL287894,
,CHEMBL37410,
,CHEMBL38547,
,CHEMBL38665,
,CHEMBL290543,
,CHEMBL37150,
,CHEMBL53253,
,CHEMBL296601,
,CHEMBL298758,
,CHEMBL293952,
,CHEMBL53170,
,CHEMBL55317,
,CHEMBL55318,
,CHEMBL58033,(-)-U-50488
,CHEMBL60547,
,CHEMBL302021,
,CHEMBL312600,
,CHEMBL78306,
,CHEMBL280243,
,CHEMBL78411,
,CHEMBL309603,
,CHEMBL77675,
,CHEMBL310170,
,CHEMBL78083,
,CHEMBL81594,
,CHEMBL310729,
,CHEMBL81678,
,CHEMBL79509,
,CHEMBL79437,
,CHEMBL81626,
,CHEMBL81070,
,CHEMBL329623,
,CHEMBL88146,
,CHEMBL88660,
,CHEMBL314423,
,CHEMBL441453,
,CHEMBL91791,
,CHEMBL89344,
,CHEMBL90288,
,CHEMBL91713,
,CHEMBL265549,
,CHEMBL91828,
,CHEMBL91222,
,CHEMBL90508,
,CHEMBL421364,
,CHEMBL313649,
,CHEMBL90809,
,CHEMBL314379,
,CHEMBL420245,
,CHEMBL90975,
,CHEMBL92095,
,CHEMBL88161,
,CHEMBL91946,
,CHEMBL91145,
,CHEMBL88639,
,CHEMBL90326,
,CHEMBL430455,
,CHEMBL315051,
,CHEMBL90643,
,CHEMBL431462,
,CHEMBL328986,
,CHEMBL431214,
,CHEMBL314710,
,CHEMBL420979,
,CHEMBL330551,
,CHEMBL412674,
,CHEMBL419161,
,CHEMBL318954,
,CHEMBL102860,
,CHEMBL328608,
,CHEMBL102847,
,CHEMBL103707,
,CHEMBL100463,
,CHEMBL103662,
,CHEMBL103715,
,CHEMBL103455,
,CHEMBL103458,
,CHEMBL106186,
,CHEMBL107084,
,CHEMBL320068,
,CHEMBL340541,
,CHEMBL435211,
,CHEMBL129695,
,CHEMBL1188839,
,CHEMBL1191521,
,CHEMBL1193754,
,CHEMBL1744044,
,CHEMBL19802,
,CHEMBL409984,
,CHEMBL54808,
,CHEMBL55970,
,CHEMBL59713,
,CHEMBL291439,
,CHEMBL64176,
,CHEMBL305366,
,CHEMBL60048,
,CHEMBL64751,
,CHEMBL60139,
,CHEMBL60140,
,CHEMBL64260,
,CHEMBL64261,
,CHEMBL62638,
,CHEMBL61789,
,CHEMBL60133,
,CHEMBL81773,
,CHEMBL310003,
,CHEMBL79186,
,CHEMBL81824,
,CHEMBL81735,
,CHEMBL82078,
,CHEMBL78488,
,CHEMBL78928,
,CHEMBL79165,
,CHEMBL78356,
,CHEMBL82246,
,CHEMBL82247,
,CHEMBL81867,
,CHEMBL79164,
,CHEMBL79145,
,CHEMBL81539,
,CHEMBL81461,
,CHEMBL312806,
,CHEMBL312588,
,CHEMBL78585,
,CHEMBL78637,
,CHEMBL79665,
,CHEMBL81835,
,CHEMBL82144,
,CHEMBL314469,
,CHEMBL89811,
,CHEMBL88465,
,CHEMBL88932,
,CHEMBL141743,
,CHEMBL140030,
,CHEMBL138103,
,CHEMBL139455,
,CHEMBL138457,
,CHEMBL138458,
,CHEMBL141278,
,CHEMBL138856,
,CHEMBL138857,
,CHEMBL138286,
,CHEMBL137979,
,CHEMBL138083,
,CHEMBL138560,
,CHEMBL143360,
,CHEMBL143178,
,CHEMBL422834,
,CHEMBL142596,
,CHEMBL356688,
,CHEMBL143089,
,CHEMBL143249,
,CHEMBL142336,
,CHEMBL142297,
,CHEMBL347514,
,CHEMBL142406,
,CHEMBL422826,
,CHEMBL141501,
,CHEMBL141893,
,CHEMBL141945,
,CHEMBL358109,
,CHEMBL142353,
,CHEMBL142755,
,CHEMBL167932,
,CHEMBL1184470,
,CHEMBL1188589,
,CHEMBL1189481,
,CHEMBL1189757,
,CHEMBL1190158,
,CHEMBL1191951,
,CHEMBL1191952,
,CHEMBL1191954,
,CHEMBL1192167,
,CHEMBL1192372,
,CHEMBL1192373,
,CHEMBL1192378,
,CHEMBL1192582,
,CHEMBL1193578,
,CHEMBL1193582,
,CHEMBL1194667,
,CHEMBL1194915,
,CHEMBL1194916,
,CHEMBL1195081,
,CHEMBL1196158,
,CHEMBL1196454,
,CHEMBL2112938,
,CHEMBL2112939,
2.0,CHEMBL305187,IFENPRODIL
,CHEMBL79436,
,CHEMBL312318,
,CHEMBL80081,
,CHEMBL415077,
,CHEMBL115280,
,CHEMBL114280,
,CHEMBL326263,
,CHEMBL115652,
,CHEMBL113956,
,CHEMBL115249,
,CHEMBL138438,
,CHEMBL336706,
,CHEMBL336707,
,CHEMBL138102,
,CHEMBL343793,
,CHEMBL346665,
,CHEMBL356486,
,CHEMBL143660,
,CHEMBL423548,
,CHEMBL336235,
,CHEMBL139774,
,CHEMBL139900,
,CHEMBL140618,
,CHEMBL143050,
,CHEMBL341874,
,CHEMBL143486,
,CHEMBL141070,
,CHEMBL344813,
,CHEMBL435046,
,CHEMBL143585,
,CHEMBL143103,
,CHEMBL142700,
,CHEMBL147485,
,CHEMBL147575,
,CHEMBL146723,
,CHEMBL144469,
,CHEMBL358321,
,CHEMBL148377,
,CHEMBL148008,
,CHEMBL146999,
,CHEMBL147098,
,CHEMBL147370,
,CHEMBL148112,
,CHEMBL148164,
,CHEMBL356738,
,CHEMBL440173,
,CHEMBL147779,
,CHEMBL144490,
,CHEMBL343654,
,CHEMBL358116,
,CHEMBL144072,
,CHEMBL424114,
,CHEMBL144741,
,CHEMBL356582,
,CHEMBL147208,
,CHEMBL146411,
,CHEMBL146546,
,CHEMBL342809,
,CHEMBL358559,
,CHEMBL144393,
,CHEMBL147856,
,CHEMBL359209,
,CHEMBL146294,
,CHEMBL157335,
,CHEMBL154452,
,CHEMBL152847,
,CHEMBL153341,
,CHEMBL152140,
,CHEMBL346456,
,CHEMBL157390,
,CHEMBL154446,
,CHEMBL153831,
,CHEMBL350230,
,CHEMBL154231,
,CHEMBL348046,
,CHEMBL152072,
,CHEMBL154502,
,CHEMBL153193,
,CHEMBL154039,
,CHEMBL346340,
,CHEMBL152652,
,CHEMBL580142,
,CHEMBL1180033,
,CHEMBL1180044,
,CHEMBL1180053,
,CHEMBL1180057,
,CHEMBL1180083,
,CHEMBL1180091,
,CHEMBL1180095,
,CHEMBL1180160,
,CHEMBL1180175,
,CHEMBL1180187,
,CHEMBL1183846,
,CHEMBL1183940,
,CHEMBL1190897,
,CHEMBL1193170,
,CHEMBL1194817,
,CHEMBL1196354,
,CHEMBL2112760,
4.0,CHEMBL41,FLUOXETINE
3.0,CHEMBL51,KETANSERIN
2.0,CHEMBL267930,SPIPERONE
,CHEMBL19803,
,CHEMBL19797,
,CHEMBL283775,
,CHEMBL19878,
,CHEMBL19985,
,CHEMBL280160,
,CHEMBL19920,
,CHEMBL19934,
,CHEMBL19637,
,CHEMBL19638,
,CHEMBL19314,
,CHEMBL19315,
,CHEMBL280111,
,CHEMBL436542,
,CHEMBL19850,
,CHEMBL20153,
,CHEMBL19628,
,CHEMBL20166,
,CHEMBL434393,
,CHEMBL280359,
,CHEMBL20517,
,CHEMBL19988,
,CHEMBL277466,
,CHEMBL20537,
,CHEMBL21023,
,CHEMBL20348,
,CHEMBL20355,
,CHEMBL20108,
,CHEMBL278525,
,CHEMBL282069,
,CHEMBL20036,
,CHEMBL416730,
,CHEMBL20188,
,CHEMBL277462,
2.0,CHEMBL279676,TENOCYCLIDINE
4.0,CHEMBL781,MAZINDOL
2.0,CHEMBL42055,E-FLUPENTIXOL
,CHEMBL75160,
,CHEMBL308287,
,CHEMBL74753,
,CHEMBL73529,
,CHEMBL308373,
,CHEMBL307930,
,CHEMBL306494,
,CHEMBL75938,
,CHEMBL75052,
,CHEMBL269438,
,CHEMBL309356,
,CHEMBL307882,
,CHEMBL308529,
,CHEMBL310240,
,CHEMBL74031,
,CHEMBL74729,
,CHEMBL76351,
,CHEMBL311621,
,CHEMBL75036,
,CHEMBL75037,
,CHEMBL74613,
,CHEMBL76516,
,CHEMBL75300,
,CHEMBL75301,
,CHEMBL309062,
,CHEMBL78100,
,CHEMBL306586,
,CHEMBL76336,
,CHEMBL73824,
,CHEMBL308284,
,CHEMBL320435,
,CHEMBL104622,
,CHEMBL122334,HYDANTOIN
,CHEMBL121919,"5,6,7,8-TETRAHYDROISOQUINOLINE"
,CHEMBL134109,
,CHEMBL140104,
,CHEMBL143407,
,CHEMBL140054,
,CHEMBL142522,
,CHEMBL142617,
,CHEMBL348432,
2.0,CHEMBL415284,NALORPHINE
,CHEMBL1189437,
,CHEMBL1189563,
,CHEMBL1189799,
,CHEMBL1189807,
,CHEMBL1191321,
,CHEMBL1191322,
,CHEMBL1191536,
,CHEMBL1191537,
,CHEMBL1192158,
,CHEMBL1192566,
,CHEMBL1192567,
,CHEMBL1192762,
,CHEMBL1193169,
,CHEMBL1194172,
,CHEMBL1194558,
,CHEMBL1194591,
,CHEMBL1195115,
,CHEMBL2115519,
,CHEMBL62,SCH-23390
4.0,CHEMBL597,PHENTOLAMINE
2.0,CHEMBL18786,CINANSERIN
,CHEMBL285203,
,CHEMBL54661,Z-FLUPENTIXOL
,CHEMBL301623,
,CHEMBL292450,
,CHEMBL54407,
,CHEMBL442356,
,CHEMBL55873,
,CHEMBL299499,
,CHEMBL413257,
,CHEMBL55769,
,CHEMBL293059,
,CHEMBL292668,
,CHEMBL73818,
,CHEMBL424606,
,CHEMBL77220,
,CHEMBL75444,
,CHEMBL419822,
,CHEMBL77906,
4.0,CHEMBL1065,METHYSERGIDE
,CHEMBL320828,
,CHEMBL104444,
,CHEMBL320190,
,CHEMBL117898,
,CHEMBL119811,
,CHEMBL119047,
,CHEMBL331500,
,CHEMBL119889,
,CHEMBL119698,
,CHEMBL331006,
,CHEMBL333840,
,CHEMBL119485,
,CHEMBL134215,
,CHEMBL133847,
,CHEMBL143750,
,CHEMBL346409,
,CHEMBL357008,
,CHEMBL141876,
,CHEMBL143648,
,CHEMBL142041,
,CHEMBL142953,
,CHEMBL342120,
,CHEMBL142518,
,CHEMBL358758,
,CHEMBL342121,
,CHEMBL142337,
,CHEMBL154397,
,CHEMBL153758,
,CHEMBL152478,
,CHEMBL152618,
,CHEMBL346153,
,CHEMBL152426,
,CHEMBL152057,
,CHEMBL356909,
,CHEMBL151136,
,CHEMBL349793,
,CHEMBL1179312,
,CHEMBL1189188,
,CHEMBL1189802,
,CHEMBL1190032,
,CHEMBL1190037,
,CHEMBL1190152,
,CHEMBL1190268,
,CHEMBL1190393,
,CHEMBL1190522,
,CHEMBL1190888,
,CHEMBL1191100,
,CHEMBL1191317,
,CHEMBL1191320,
,CHEMBL1191738,
,CHEMBL1191941,
,CHEMBL1191943,
,CHEMBL1192157,
,CHEMBL1192363,
,CHEMBL1192367,
,CHEMBL1193368,
,CHEMBL1193567,
,CHEMBL1193760,
,CHEMBL1193963,
,CHEMBL1193966,
,CHEMBL1194168,
,CHEMBL1194170,
,CHEMBL1194425,
,CHEMBL1194466,
,CHEMBL1194672,
,CHEMBL1194774,
,CHEMBL1194838,
,CHEMBL1194885,
,CHEMBL1194992,
,CHEMBL1195060,
,CHEMBL1195367,
,CHEMBL1195933,
,CHEMBL1196094,
,CHEMBL1196171,
,CHEMBL1196200,
,CHEMBL1196414,
,CHEMBL1197025,
,CHEMBL1255588,
,CHEMBL276784,
,CHEMBL285541,
,CHEMBL35711,
,CHEMBL38152,
,CHEMBL38130,
,CHEMBL36645,
,CHEMBL308816,
,CHEMBL75555,
,CHEMBL73633,
,CHEMBL74499,
,CHEMBL306318,
,CHEMBL307839,
,CHEMBL77817,
,CHEMBL74803,
,CHEMBL77812,
,CHEMBL309064,
,CHEMBL75480,
,CHEMBL73964,
,CHEMBL76758,
,CHEMBL73854,
,CHEMBL74858,
,CHEMBL75878,
,CHEMBL74723,
,CHEMBL74811,
,CHEMBL306365,
,CHEMBL74080,
,CHEMBL75228,1-PHENETHYLPIPERIDINE
,CHEMBL75372,
,CHEMBL306133,
,CHEMBL75286,
,CHEMBL75608,
,CHEMBL101510,
,CHEMBL103849,
,CHEMBL316797,
,CHEMBL104834,
,CHEMBL103519,
,CHEMBL104992,
,CHEMBL103065,
,CHEMBL102474,
,CHEMBL321329,
,CHEMBL101909,
,CHEMBL102695,
,CHEMBL119048,
,CHEMBL117695,
,CHEMBL325845,
,CHEMBL117567,
,CHEMBL118289,
,CHEMBL324092,
,CHEMBL323910,
,CHEMBL118445,
,CHEMBL118276,
,CHEMBL332593,
,CHEMBL331611,
,CHEMBL433022,
,CHEMBL119075,
,CHEMBL325168,
,CHEMBL442395,
,CHEMBL119495,
,CHEMBL119409,
,CHEMBL115582,
,CHEMBL119867,
,CHEMBL119725,
,CHEMBL116207,
,CHEMBL332035,
,CHEMBL119804,
,CHEMBL118288,
,CHEMBL325619,
,CHEMBL118665,
,CHEMBL116710,
,CHEMBL116711,
,CHEMBL117748,
,CHEMBL346389,
,CHEMBL177829,
,CHEMBL179062,
,CHEMBL434905,
,CHEMBL179651,
,CHEMBL179373,
,CHEMBL369091,
,CHEMBL362699,
,CHEMBL178519,
,CHEMBL426958,
,CHEMBL360351,
,CHEMBL179648,
,CHEMBL178924,
,CHEMBL179697,
,CHEMBL359663,
,CHEMBL180119,
,CHEMBL178650,
,CHEMBL178700,
,CHEMBL179530,
,CHEMBL179145,
,CHEMBL180327,
,CHEMBL180180,
,CHEMBL178988,
,CHEMBL179397,
,CHEMBL425867,
,CHEMBL178680,
,CHEMBL179808,
,CHEMBL178600,
,CHEMBL179371,
4.0,CHEMBL422,TRIFLUOPERAZINE
,CHEMBL7393,
4.0,CHEMBL81,RALOXIFENE
4.0,CHEMBL83,TAMOXIFEN
4.0,CHEMBL103,PROGESTERONE
2.0,CHEMBL15023,TRIFLUPERIDOL
,CHEMBL17470,
4.0,CHEMBL626,NAFTIFINE
4.0,CHEMBL629,AMITRIPTYLINE
4.0,CHEMBL633,AMIODARONE
2.0,CHEMBL28211,NAFOXIDINE
4.0,CHEMBL808,ECONAZOLE
4.0,CHEMBL296419,ASTEMIZOLE
4.0,CHEMBL295124,BERBERINE
3.0,CHEMBL954,ENCLOMIPHENE
,CHEMBL61539,
,CHEMBL305593,
2.0,CHEMBL61479,SIRAMESINE
4.0,CHEMBL990,BUTENAFINE
3.0,CHEMBL110739,CORTICOSTERONE
,CHEMBL113830,"(S,R)-IFENPRODIL"
,CHEMBL345754,
2.0,CHEMBL167779,ZUCLOMIPHENE
,CHEMBL369133,
,CHEMBL363703,
3.0,CHEMBL370753,OPIPRAMOL
,CHEMBL365141,
,CHEMBL361085,
,CHEMBL365722,
,CHEMBL189871,
,CHEMBL372700,FENPROPIMORPH
,CHEMBL372484,
,CHEMBL187615,
2.0,CHEMBL187829,LEVEMOPAMIL
2.0,CHEMBL363884,RONIPAMIL
,CHEMBL365417,
,CHEMBL365842,
,CHEMBL187892,
4.0,CHEMBL188921,BUFLOMEDIL
,CHEMBL190631,
,CHEMBL190422,
4.0,CHEMBL187709,TRIPARANOL
,CHEMBL188044,
,CHEMBL363765,
,CHEMBL188476,
,CHEMBL195302,
,CHEMBL195304,
,CHEMBL381653,
,CHEMBL194967,
,CHEMBL370739,
,CHEMBL196100,
,CHEMBL196988,
,CHEMBL371156,
,CHEMBL196587,
,CHEMBL196257,
,CHEMBL193662,
,CHEMBL194687,
,CHEMBL194738,
,CHEMBL365754,
,CHEMBL365786,
,CHEMBL366167,
,CHEMBL194797,
,CHEMBL194796,
,CHEMBL195994,
,CHEMBL194640,
,CHEMBL194694,
,CHEMBL193699,
,CHEMBL371741,
,CHEMBL193805,
,CHEMBL439859,
,CHEMBL383147,
,CHEMBL426317,
3.0,CHEMBL209821,NALUZOTAN
4.0,CHEMBL386630,TESTOSTERONE
3.0,CHEMBL253376,BROMHEXINE
,CHEMBL502377,
,CHEMBL521663,
,CHEMBL492736,
,CHEMBL492737,
,CHEMBL570789,
,CHEMBL571418,
,CHEMBL572294,
,CHEMBL571659,
,CHEMBL570795,
,CHEMBL570529,
,CHEMBL578825,
,CHEMBL570067,
,CHEMBL608560,
,CHEMBL602850,
,CHEMBL600053,
,CHEMBL590615,
,CHEMBL607293,
,CHEMBL1089752,
,CHEMBL1196395,
4.0,CHEMBL1201203,BENZTROPINE
,CHEMBL1632158,
3.0,CHEMBL1672054,CASOPITANT
3.0,CHEMBL1902981,EPERISONE
,CHEMBL2068762,
,CHEMBL2368401,"(7S,8R)-6-ALLYLAMINO-7,8-DIMETHYL-8-PROPYL-5,6,7,8-TETRAHYDRO-NAPHTHALEN-2-OL"
4.0,CHEMBL415,CLOMIPRAMINE
4.0,CHEMBL27,PROPRANOLOL
4.0,CHEMBL429,LABETALOL
4.0,CHEMBL479,THIORIDAZINE
4.0,CHEMBL71,CHLORPROMAZINE
4.0,CHEMBL490,PAROXETINE
2.0,CHEMBL275742,DEXPROPRANOLOL
4.0,CHEMBL511,PYRILAMINE
4.0,CHEMBL549,CITALOPRAM
4.0,CHEMBL564,PROMAZINE
4.0,CHEMBL621,TRAZODONE
4.0,CHEMBL631,PROPAFENONE
4.0,CHEMBL643,PROMETHAZINE
4.0,CHEMBL698,TETRACAINE
4.0,CHEMBL716,QUETIAPINE
4.0,CHEMBL726,FLUPHENAZINE
4.0,CHEMBL728,PROCHLORPERAZINE
2.0,CHEMBL30008,FLUNARIZINE
4.0,CHEMBL809,SERTRALINE
4.0,CHEMBL822,TERBINAFINE
4.0,CHEMBL833,TICLOPIDINE
4.0,CHEMBL841,LOPERAMIDE
2.0,CHEMBL43064,CINNARIZINE
,CHEMBL417001,
4.0,CHEMBL926,DOBUTAMINE
4.0,CHEMBL936,DIPHENIDOL
3.0,CHEMBL60889,MOSAPRIDE
4.0,CHEMBL75880,PERHEXILINE
4.0,CHEMBL1123,DICYCLOMINE
4.0,CHEMBL1196,PROPARACAINE
4.0,CHEMBL1198,PRAMOXINE
,CHEMBL129530,
4.0,CHEMBL1231,OXYBUTYNIN
4.0,CHEMBL395110,MEPAZINE
4.0,CHEMBL1490,TRIHEXYPHENIDYL
4.0,CHEMBL404849,SULOCTIDIL
4.0,CHEMBL248702,DEXFENFLURAMINE
2.0,CHEMBL452861,LEVOPROPRANOLOL
4.0,CHEMBL1626,CLEMASTINE
4.0,CHEMBL1729,CISAPRIDE
3.0,CHEMBL1076211,TOLPERISONE
4.0,CHEMBL1200406,DIMENHYDRINATE
4.0,CHEMBL1201237,LEVOBUNOLOL
4.0,CHEMBL1201353,DEXCHLORPHENIRAMINE
4.0,CHEMBL1276308,MIFEPRISTONE
,CHEMBL1400945,PREGNENOLONE CARBONITRILE 
4.0,CHEMBL1628227,DOXEPIN
,CHEMBL1645202,
4.0,CHEMBL1714574,TERCONAZOLE
,CHEMBL1909071,
4.0,CHEMBL1909072,PIPAMAZINE
,CHEMBL2023823,
,CHEMBL2023824,
,CHEMBL2023825,
,CHEMBL2023826,
,CHEMBL2023827,
,CHEMBL2064198,
,CHEMBL2064202,
-1.0,CHEMBL2111176,VALETHAMATE
,CHEMBL2158704,
,CHEMBL2170046,
,CHEMBL2170048,
,CHEMBL2170049,
,CHEMBL2170050,
,CHEMBL2170051,
,CHEMBL2170052,
,CHEMBL2170053,
,CHEMBL2170054,
,CHEMBL2170055,
,CHEMBL2170056,
,CHEMBL2170059,
,CHEMBL2170060,
,CHEMBL2170061,
,CHEMBL2170062,
,CHEMBL2170063,
,CHEMBL2170064,
,CHEMBL2170066,
,CHEMBL2170067,
,CHEMBL2170068,
,CHEMBL2170069,
,CHEMBL2170070,
,CHEMBL2170071,
,CHEMBL2170072,
,CHEMBL2170074,
,CHEMBL2170075,
,CHEMBL2170076,
,CHEMBL2170203,
,CHEMBL2170204,
,CHEMBL2170205,
,CHEMBL2170206,
,CHEMBL2170207,
,CHEMBL2170208,
,CHEMBL2170209,
,CHEMBL2170210,
,CHEMBL2170219,
,CHEMBL2170220,
,CHEMBL2170221,
,CHEMBL2170222,
,CHEMBL2170223,
,CHEMBL2170224,
4.0,CHEMBL502,DONEPEZIL
4.0,CHEMBL814,FLUVOXAMINE
,CHEMBL98883,
,CHEMBL408867,[11C]SA4503
2.0,CHEMBL1983100,ESAPRAZOLE
2.0,CHEMBL2105667,ORVEPITANT
,CHEMBL2170211,
,CHEMBL2170212,
,CHEMBL2170213,
,CHEMBL2170214,
,CHEMBL2170215,
,CHEMBL2170216,
,CHEMBL2170217,
,CHEMBL2170218,
,CHEMBL2169891,
,CHEMBL2170225,
,CHEMBL2170226,
,CHEMBL2170227,
,CHEMBL2170228,
,CHEMBL2170229,
,CHEMBL2170230,
,CHEMBL2170231,
,CHEMBL2170232,
,CHEMBL2170233,
,CHEMBL2170234,
,CHEMBL2170235,
,CHEMBL2170236,
,CHEMBL2170237,
,CHEMBL2170238,
,CHEMBL2170239,
,CHEMBL2203549,
,CHEMBL2204343,
,CHEMBL2204668,
,CHEMBL2204672,
,CHEMBL2204675,
,CHEMBL2204677,
,CHEMBL2204678,
,CHEMBL2204679,
,CHEMBL2324614,
,CHEMBL2338337,
,CHEMBL2338338,
,CHEMBL2338339,
,CHEMBL2338342,
,CHEMBL2338343,
,CHEMBL2338344,
,CHEMBL2338345,
,CHEMBL2338759,
,CHEMBL2338760,
,CHEMBL2338762,
,CHEMBL2338765,
,CHEMBL2338768,
,CHEMBL2338772,
,CHEMBL2338778,
,CHEMBL2338779,
,CHEMBL2338780,
,CHEMBL2338781,
,CHEMBL2346997,
,CHEMBL2391147,
,CHEMBL2391351,
,CHEMBL2391352,
,CHEMBL2391353,
,CHEMBL2391354,
,CHEMBL2391357,
,CHEMBL2391358,
,CHEMBL2391359,
,CHEMBL2391361,
,CHEMBL2391362,
,CHEMBL2391363,
,CHEMBL2391364,
,CHEMBL2391365,
,CHEMBL2391368,
,CHEMBL2391369,
,CHEMBL2391371,
,CHEMBL2391372,
,CHEMBL2391373,
,CHEMBL2391374,
,CHEMBL2391375,
,CHEMBL2391376,
,CHEMBL2391378,
,CHEMBL2391379,
,CHEMBL2391380,
,CHEMBL2391381,
,CHEMBL2391382,
,CHEMBL2391539,
,CHEMBL2413154,
,CHEMBL2431120,
,CHEMBL2436338,
,CHEMBL3086334,
,CHEMBL3104091,
,CHEMBL3104093,
,CHEMBL3104856,
,CHEMBL3104857,
,CHEMBL3218979,
,CHEMBL3218980,
,CHEMBL3218983,
,CHEMBL3218984,
,CHEMBL3218988,
,CHEMBL3218990,
,CHEMBL3218991,
,CHEMBL3218993,
,CHEMBL294144,
,CHEMBL64683,
,CHEMBL62994,
2.0,CHEMBL222287,IBOGAINE
,CHEMBL481418,
,CHEMBL1927694,
,CHEMBL2030624,
,CHEMBL3218981,
,CHEMBL3218982,
,CHEMBL3218985,
,CHEMBL3218986,
,CHEMBL3218987,
,CHEMBL3218989,
,CHEMBL3218992,
,CHEMBL3218994,
,CHEMBL3220543,
,CHEMBL3220582,
,CHEMBL3220583,
,CHEMBL3233525,
,CHEMBL3233526,
,CHEMBL3233527,
,CHEMBL3233528,
,CHEMBL3233529,
,CHEMBL3233530,
,CHEMBL3233531,
,CHEMBL3233532,
,CHEMBL3233533,
,CHEMBL3233535,
,CHEMBL3233536,
,CHEMBL3233537,
,CHEMBL3235106,
,CHEMBL3235107,
,CHEMBL3235466,
,CHEMBL3235467,
,CHEMBL3235468,
,CHEMBL3262794,
,CHEMBL3262795,
,CHEMBL3289656,
,CHEMBL3360552,
,CHEMBL3360553,
,CHEMBL3360554,
,CHEMBL3360555,
,CHEMBL3360556,
,CHEMBL3360558,
,CHEMBL3360559,
,CHEMBL3360560,
,CHEMBL3360561,
,CHEMBL3360562,
,CHEMBL3360563,
,CHEMBL3360564,
,CHEMBL3360565,
,CHEMBL3360566,
,CHEMBL3360568,
,CHEMBL3360569,
,CHEMBL3360570,
,CHEMBL3360571,
,CHEMBL3360572,
,CHEMBL3360574,
,CHEMBL3409372,
,CHEMBL3409373,
,CHEMBL3409374,
,CHEMBL3409375,
,CHEMBL3409376,
,CHEMBL3409377,
,CHEMBL3409378,
,CHEMBL3409379,
,CHEMBL3409381,
,CHEMBL3409386,
,CHEMBL3409387,
,CHEMBL3414957,
,CHEMBL3417042,
,CHEMBL3417043,
,CHEMBL3417044,
,CHEMBL3417045,
,CHEMBL3417046,
,CHEMBL3417047,
,CHEMBL3417048,
,CHEMBL3417049,
,CHEMBL3417050,
,CHEMBL3417052,
,CHEMBL3417053,
,CHEMBL3417054,
,CHEMBL3417055,
,CHEMBL3417056,
,CHEMBL3417057,
,CHEMBL3417058,
,CHEMBL3417059,
,CHEMBL3417060,
,CHEMBL3417061,
,CHEMBL3417063,
,CHEMBL3417064,
,CHEMBL3417065,
,CHEMBL3417066,
,CHEMBL3417067,
,CHEMBL3417068,
,CHEMBL3417069,
,CHEMBL3417070,
,CHEMBL3417071,
,CHEMBL3417072,
,CHEMBL3547107,
,CHEMBL319706,(S)-IFENPRODIL
,CHEMBL146556,
,CHEMBL177952,
,CHEMBL176941,
,CHEMBL595489,
,CHEMBL1188414,
,CHEMBL1289626,
,CHEMBL1562542,
,CHEMBL1929421,
,CHEMBL2391541,
,CHEMBL3417073,
,CHEMBL3417074,
,CHEMBL3417075,
,CHEMBL3417076,
,CHEMBL3417078,
,CHEMBL3417079,
,CHEMBL3417080,
,CHEMBL3417081,
,CHEMBL3417082,
,CHEMBL3417083,
,CHEMBL3417085,
,CHEMBL3752576,
,CHEMBL3754496,
,CHEMBL3752900,
,CHEMBL3754166,
,CHEMBL3753318,
,CHEMBL3752701,
,CHEMBL3752293,
,CHEMBL3753409,
,CHEMBL3780481,
,CHEMBL3779928,
,CHEMBL3780506,
,CHEMBL3781840,
,CHEMBL3780140,
,CHEMBL3781035,
,CHEMBL3780268,
,CHEMBL3780184,
,CHEMBL3780975,
,CHEMBL3780438,
,CHEMBL3780812,
,CHEMBL3818045,
,CHEMBL3819457,
,CHEMBL3818546,
,CHEMBL3819463,
,CHEMBL3819146,
,CHEMBL3819395,
,CHEMBL3819437,
,CHEMBL3819331,
,CHEMBL3819489,
,CHEMBL3818532,
,CHEMBL3818112,
,CHEMBL3819557,
,CHEMBL3817940,
,CHEMBL3819588,
,CHEMBL3984952,
,CHEMBL4065001,
,CHEMBL4066916,
,CHEMBL4071509,
,CHEMBL4080735,
,CHEMBL4083034,
,CHEMBL4084182,
,CHEMBL4090823,
,CHEMBL4092687,
,CHEMBL4096543,
,CHEMBL4098546,
,CHEMBL4098778,
,CHEMBL4101014,
,CHEMBL4160397,
,CHEMBL4161016,
,CHEMBL4161344,
,CHEMBL4161592,
,CHEMBL4161984,
,CHEMBL4162490,
,CHEMBL4164330,
,CHEMBL4165285,
,CHEMBL4166747,
,CHEMBL4166905,
,CHEMBL4167498,
,CHEMBL4168697,
,CHEMBL4168782,
,CHEMBL4168852,
,CHEMBL4168942,
,CHEMBL4169075,
,CHEMBL4169270,
,CHEMBL4169383,
,CHEMBL4169765,
,CHEMBL4170415,
,CHEMBL4171723,
,CHEMBL4172044,
,CHEMBL4172201,
,CHEMBL4172301,
,CHEMBL4173188,
,CHEMBL4173258,
,CHEMBL4173342,
,CHEMBL4173950,
,CHEMBL4174647,
,CHEMBL4174797,
,CHEMBL4174984,
,CHEMBL4176123,
,CHEMBL4176708,
,CHEMBL227071,
,CHEMBL1215855,
,CHEMBL4211979,
,CHEMBL4216951,
,CHEMBL4276787,
,CHEMBL4276789,
,CHEMBL4276805,
,CHEMBL4277112,
,CHEMBL4277311,
,CHEMBL4277417,
,CHEMBL4277860,
,CHEMBL4277933,
,CHEMBL4278120,
,CHEMBL4278167,
,CHEMBL4278493,
,CHEMBL4278537,
,CHEMBL4278995,
,CHEMBL4279116,
,CHEMBL4279140,
,CHEMBL4279263,
,CHEMBL4279555,
,CHEMBL4279584,
,CHEMBL4279609,
,CHEMBL4280031,
,CHEMBL4280056,
,CHEMBL4280217,
,CHEMBL4280219,
,CHEMBL4280240,
,CHEMBL4280702,
,CHEMBL4280816,
,CHEMBL4281318,
,CHEMBL4281321,
,CHEMBL4281627,
,CHEMBL4282062,
,CHEMBL4282586,
,CHEMBL4283023,
,CHEMBL4283498,
,CHEMBL4283670,
,CHEMBL4283691,
,CHEMBL4283968,
,CHEMBL4284105,
,CHEMBL4284119,
,CHEMBL4284238,
,CHEMBL4284324,
,CHEMBL4284564,
,CHEMBL4284665,
,CHEMBL4284728,
,CHEMBL4284731,
,CHEMBL4285051,
,CHEMBL4285857,
,CHEMBL4286260,
,CHEMBL4286394,
,CHEMBL4286421,
,CHEMBL4286750,
,CHEMBL4286808,
,CHEMBL4287021,
,CHEMBL4287044,
,CHEMBL4287520,
,CHEMBL4287939,
,CHEMBL4288056,
,CHEMBL4288125,
,CHEMBL4288129,
,CHEMBL4288516,
,CHEMBL4288681,
,CHEMBL4288856,
,CHEMBL4288924,
,CHEMBL4289153,
,CHEMBL4289679,
,CHEMBL4289823,
,CHEMBL4289932,
,CHEMBL4289987,
,CHEMBL4290199,
,CHEMBL4290231,
,CHEMBL4290275,
,CHEMBL4290460,
,CHEMBL4290875,
,CHEMBL4290898,
,CHEMBL4290915,
,CHEMBL4291345,
,CHEMBL4291352,
,CHEMBL4291534,
,CHEMBL4292127,
,CHEMBL4292158,
,CHEMBL4292261,
,CHEMBL4292265,
,CHEMBL4292359,
,CHEMBL4292548,
,CHEMBL4292552,
,CHEMBL4292753,
,CHEMBL4292993,
,CHEMBL4293066,
,CHEMBL4293310,
,CHEMBL4294037,
,CHEMBL4294112,
,CHEMBL4294268,
,CHEMBL4294281,
,CHEMBL4294308,
,CHEMBL4294562,
,CHEMBL4294864,
,CHEMBL4294931,
4.0,CHEMBL76,CHLOROQUINE
4.0,CHEMBL596,FENTANYL
4.0,CHEMBL1535,HYDROXYCHLOROQUINE
,CHEMBL595547,5'-CARBOXY ADENOSINE
,CHEMBL1779999,
,CHEMBL1780000,
,CHEMBL2170801,
,CHEMBL3321789,
,CHEMBL3321790,
,CHEMBL3321791,
,CHEMBL3321792,
,CHEMBL3417009,
,CHEMBL4088272,
,CHEMBL4279302,
,CHEMBL4435237,
,CHEMBL4436170,
,CHEMBL4436786,
,CHEMBL4436917,
,CHEMBL4438550,
,CHEMBL4439013,
,CHEMBL4439285,
,CHEMBL4439718,
,CHEMBL4439908,
,CHEMBL4440055,
,CHEMBL4444843,
,CHEMBL4445578,
,CHEMBL4446209,
,CHEMBL4446292,
,CHEMBL4446729,
,CHEMBL4447975,
,CHEMBL4448670,
,CHEMBL4448710,
,CHEMBL4450665,
,CHEMBL4451838,
,CHEMBL4452042,
,CHEMBL4456195,
,CHEMBL4457602,
,CHEMBL4457754,
,CHEMBL4458099,
,CHEMBL4458456,
,CHEMBL4459009,
,CHEMBL4459117,
,CHEMBL4460762,
,CHEMBL4461774,
,CHEMBL4461864,
,CHEMBL4463621,
,CHEMBL4463901,
,CHEMBL4464697,
,CHEMBL4467749,
,CHEMBL4470425,
,CHEMBL4471711,
,CHEMBL4472703,
,CHEMBL4473697,
,CHEMBL4473746,
,CHEMBL4476396,
,CHEMBL4483643,
,CHEMBL4513930,
,CHEMBL4513933,
,CHEMBL4515812,
,CHEMBL4516327,
,CHEMBL4522004,
,CHEMBL4525653,
,CHEMBL4526050,
,CHEMBL4526087,
,CHEMBL4528651,
,CHEMBL4528962,
,CHEMBL4530979,
,CHEMBL4534193,
,CHEMBL4535897,
,CHEMBL4536259,
,CHEMBL4537101,
,CHEMBL4538620,
,CHEMBL4540888,
,CHEMBL4540995,
,CHEMBL4541086,
,CHEMBL4541206,
,CHEMBL4543137,
,CHEMBL4544352,
,CHEMBL4550656,
,CHEMBL4554295,
,CHEMBL4554850,
,CHEMBL4556297,
,CHEMBL4560624,
,CHEMBL4562252,
,CHEMBL4564308,
,CHEMBL4571738,
,CHEMBL4572167,
,CHEMBL4573960,
,CHEMBL4576031,
,CHEMBL4576927,
,CHEMBL4578955,
,CHEMBL4581305,
,CHEMBL4583909,
,CHEMBL4584335,
,CHEMBL4585990,
,CHEMBL4589450,
,CHEMBL4591008,
,CHEMBL4591108,
,CHEMBL4592081,
,CHEMBL4593220,
4.0,CHEMBL301265,PRAMIPEXOLE
,CHEMBL476108,
,CHEMBL1940408,
,CHEMBL1940412,
,CHEMBL1940413,
,CHEMBL1940414,
,CHEMBL1946124,
,CHEMBL1946126,
,CHEMBL1946253,
,CHEMBL2203406,
,CHEMBL2203551,
,CHEMBL3289383,
,CHEMBL3321788,
,CHEMBL3359239,
,CHEMBL4277264,
,CHEMBL4445781,
,CHEMBL4446568,
,CHEMBL4457581,
,CHEMBL4458579,
,CHEMBL4459921,
,CHEMBL4461869,
,CHEMBL4462108,
,CHEMBL4463587,
,CHEMBL4466483,
,CHEMBL4467840,
,CHEMBL4469217,
,CHEMBL4469848,
,CHEMBL4474014,
,CHEMBL4475785,
,CHEMBL4476021,
,CHEMBL4476784,
,CHEMBL4513571,
,CHEMBL4516724,
,CHEMBL4529943,
,CHEMBL4533305,
,CHEMBL4539118,
,CHEMBL4540551,
,CHEMBL4544989,
,CHEMBL4548328,
,CHEMBL4550537,
,CHEMBL4556093,
,CHEMBL4556150,
,CHEMBL4558031,
,CHEMBL4562667,
,CHEMBL4564028,
,CHEMBL4566049,
,CHEMBL4570411,
,CHEMBL4570746,
,CHEMBL4571380,
,CHEMBL4572614,
,CHEMBL4573441,
,CHEMBL4574793,
,CHEMBL4577233,
,CHEMBL4587515,
,CHEMBL4589939,
,CHEMBL4633982,
,CHEMBL4640394,
,CHEMBL4640844,
,CHEMBL4641016,
,CHEMBL4642215,
,CHEMBL4642292,
,CHEMBL4644243,
,CHEMBL4644981,
,CHEMBL4647020,
,CHEMBL4647090,
,CHEMBL4648233,
,CHEMBL4648914,
,CHEMBL4650532,
,CHEMBL4650581,
,CHEMBL4650618,
,CHEMBL4650650,
,CHEMBL4650740,
,CHEMBL4650766,
,CHEMBL4650771,
,CHEMBL4650859,
,CHEMBL4650863,
,CHEMBL4650872,
,CHEMBL4650892,
,CHEMBL4650902,
,CHEMBL4650915,
,CHEMBL4650930,
,CHEMBL4650964,
,CHEMBL4651019,
,CHEMBL4651060,
,CHEMBL4741494,
,CHEMBL4750243,
,CHEMBL4751130,
,CHEMBL4752386,
,CHEMBL4754130,
,CHEMBL4755342,
,CHEMBL4756310,
,CHEMBL4761093,
,CHEMBL4762816,
,CHEMBL4776743,
,CHEMBL4776924,
,CHEMBL4777859,
,CHEMBL4781352,
,CHEMBL4781814,
,CHEMBL4788650,
,CHEMBL4796930,
4.0,CHEMBL100116,PENTAZOCINE
,CHEMBL204232,NAPHTHYRIDINONE
3.0,CHEMBL596802,PRIDOPIDINE
2.0,CHEMBL1651534,REDAFAMDASTAT
,CHEMBL1800685,PPTN
,CHEMBL1971943,BAY-549
,CHEMBL3337895,T-26f
,CHEMBL3697701,A-079
,CHEMBL3701197,A-226
,CHEMBL4066040,A-1596584
,CHEMBL4093612,A-1596586
,CHEMBL4165749,BI 2545
3.0,CHEMBL4297224,BLARCAMESINE
2.0,CHEMBL4302089,T-817
,CHEMBL4445670,BAY-885
,CHEMBL4455582,BAY-693
,CHEMBL4513786,A-545
,CHEMBL4516982,BI 1935
,CHEMBL4526341,A-108
,CHEMBL4558518,GSI-NC
,CHEMBL4560589,MLi-2-NC
,CHEMBL4566600,PPTN-NC
,CHEMBL4741458,
,CHEMBL4745019,
,CHEMBL4748898,
,CHEMBL4749047,
,CHEMBL4751000,
,CHEMBL4752119,
,CHEMBL4753006,
,CHEMBL4754019,
,CHEMBL4754186,
,CHEMBL4754601,
,CHEMBL4755446,
,CHEMBL4757975,
,CHEMBL4759184,
,CHEMBL4759343,
,CHEMBL4760287,
,CHEMBL4760964,
,CHEMBL4761794,
,CHEMBL4762627,
,CHEMBL4764493,
,CHEMBL4765152,
,CHEMBL4765193,
,CHEMBL4776009,
,CHEMBL4776765,
,CHEMBL4776769,
,CHEMBL4777306,
,CHEMBL4778313,
,CHEMBL4778319,
,CHEMBL4778747,
,CHEMBL4778900,
,CHEMBL4778990,
,CHEMBL4779000,
,CHEMBL4779372,
,CHEMBL4780620,
,CHEMBL4780719,
,CHEMBL4780883,
,CHEMBL4781384,
,CHEMBL4781625,
,CHEMBL4781851,
,CHEMBL4782656,
,CHEMBL4783222,
,CHEMBL4785662,
,CHEMBL4786209,
,CHEMBL4786808,
,CHEMBL4787186,
,CHEMBL4789005,
,CHEMBL4789695,
,CHEMBL4790480,
,CHEMBL4790686,
,CHEMBL4792105,
,CHEMBL4792110,
,CHEMBL4793144,
,CHEMBL4794757,
,CHEMBL4794779,
,CHEMBL4795269,
,CHEMBL4795418,
,CHEMBL4795798,
,CHEMBL4796342,
,CHEMBL4796605,
,CHEMBL4796616,
,CHEMBL4797095,
,CHEMBL4798543,
,CHEMBL4798816,
,CHEMBL4799270,
,CHEMBL4799271,
,CHEMBL4799641,
,CHEMBL4799774,
,CHEMBL4799971,
,CHEMBL4800330,
,CHEMBL4800355,
,CHEMBL4802406,
,CHEMBL4848380,
,CHEMBL4848838,
,CHEMBL4850236,
,CHEMBL4851349,
,CHEMBL4864408,
,CHEMBL4867565,
,CHEMBL4872692,
,CHEMBL4875858,
,CHEMBL206132,
,CHEMBL3342332,A-1155463
,CHEMBL3919892,
,CHEMBL4458424,BAY-899
,CHEMBL4545807,BAY-070
,CHEMBL4564126,TP-008
,CHEMBL4584981,NVS-MALT1-C
,CHEMBL4592872,BAY-897
,CHEMBL4638406,BAY-3153
,CHEMBL4647642,BAY-173
,CHEMBL4798829,
,CHEMBL5070185,
,CHEMBL5070613,
,CHEMBL5072099,
,CHEMBL5073189,
,CHEMBL5074765,
,CHEMBL5074927,
,CHEMBL5075152,
,CHEMBL5075502,
,CHEMBL5075741,
,CHEMBL5076127,
,CHEMBL5076404,
,CHEMBL5076707,
,CHEMBL5077038,
,CHEMBL5077829,
,CHEMBL5078388,
,CHEMBL5078587,
,CHEMBL5079087,
,CHEMBL5079102,
,CHEMBL5079310,
,CHEMBL5079653,
,CHEMBL5079816,
,CHEMBL5080086,
,CHEMBL5080761,
,CHEMBL5081133,
,CHEMBL5081159,
,CHEMBL5081183,
,CHEMBL5081803,
,CHEMBL5082661,
,CHEMBL5083271,
,CHEMBL5083736,
,CHEMBL5084344,
,CHEMBL5084395,
,CHEMBL5084697,
,CHEMBL5085145,
,CHEMBL5085710,
,CHEMBL5085771,
,CHEMBL5086545,
,CHEMBL5086569,
,CHEMBL5086571,
,CHEMBL5087458,
,CHEMBL5087472,
,CHEMBL5089000,
,CHEMBL5089365,
,CHEMBL5089489,
,CHEMBL5089766,
,CHEMBL5090079,
,CHEMBL5090595,
,CHEMBL5090993,
,CHEMBL5091094,
,CHEMBL5091124,
,CHEMBL5092587,
,CHEMBL5093051,
,CHEMBL5093316,
,CHEMBL5093833,
,CHEMBL5094899,
,CHEMBL5094913,
,CHEMBL5170354,
,CHEMBL5170363,
,CHEMBL5173173,
,CHEMBL5173523,
,CHEMBL5173652,
,CHEMBL5173661,
,CHEMBL5175398,
,CHEMBL5176813,
,CHEMBL5177384,
,CHEMBL5178219,
,CHEMBL5181214,
,CHEMBL5182178,
,CHEMBL5182348,
,CHEMBL5183188,
,CHEMBL5183830,
,CHEMBL5185431,
,CHEMBL5186915,
,CHEMBL5188036,
,CHEMBL5189328,
,CHEMBL5190388,
,CHEMBL5190505,
,CHEMBL5191285,
,CHEMBL5192561,
,CHEMBL5193266,
,CHEMBL5193492,
,CHEMBL5195143,
,CHEMBL5195219,
,CHEMBL5195738,
,CHEMBL5197005,
,CHEMBL5197187,
,CHEMBL5198408,
,CHEMBL5209007,
,CHEMBL5209229,
,CHEMBL332701,
,CHEMBL338468,
,CHEMBL377219,
,CHEMBL226539,
,CHEMBL3414619,
,CHEMBL3793910,
,CHEMBL3793438,
,CHEMBL3905761,
,CHEMBL3961701,
,CHEMBL4080696,
,CHEMBL4434865,
,CHEMBL4435399,
,CHEMBL4444356,
,CHEMBL4547253,
,CHEMBL4567314,
,CHEMBL4576555,T3-CLK-N
,CHEMBL4780458,
,CHEMBL4792070,
,CHEMBL5169420,
,CHEMBL5170381,
,CHEMBL5170591,
,CHEMBL5170670,
,CHEMBL5170784,
,CHEMBL5171398,
,CHEMBL5171772,
,CHEMBL5172055,
,CHEMBL5173368,
,CHEMBL5173767,
,CHEMBL5174205,
,CHEMBL5174731,
,CHEMBL5175530,
,CHEMBL5175548,
,CHEMBL5177682,
,CHEMBL5177703,
,CHEMBL5179198,
,CHEMBL5179340,
,CHEMBL5179459,
,CHEMBL5181334,
,CHEMBL5181506,
,CHEMBL5182001,
,CHEMBL5182191,
,CHEMBL5182253,
,CHEMBL5182602,
,CHEMBL5182635,
,CHEMBL5183349,
,CHEMBL5183680,
,CHEMBL5184025,
,CHEMBL5184607,
,CHEMBL5185602,
,CHEMBL5186843,
,CHEMBL5187029,
,CHEMBL5187095,
,CHEMBL5187721,
,CHEMBL5188602,
,CHEMBL5189037,
,CHEMBL5189334,
,CHEMBL5190239,
,CHEMBL5191108,
,CHEMBL5193214,
,CHEMBL5193761,
,CHEMBL5195130,
,CHEMBL5196102,
,CHEMBL5196213,
,CHEMBL5197224,
,CHEMBL5198353,
,CHEMBL5199649,
,CHEMBL5199815,
,CHEMBL5201355,
,CHEMBL5201507,
,CHEMBL5203807,
,CHEMBL5204764,
,CHEMBL5205459,
,CHEMBL5206383,
,CHEMBL5206427,
,CHEMBL5206646,
,CHEMBL5207122,
,CHEMBL5207336,
,CHEMBL5207898,
,CHEMBL5208124,
,CHEMBL5208940,
,CHEMBL5209344,
,CHEMBL5221893,
,CHEMBL5222754,
,CHEMBL5269361,
,CHEMBL5270434,
,CHEMBL5270824,
,CHEMBL5270836,
,CHEMBL5274312,
,CHEMBL5274616,
,CHEMBL5275633,
,CHEMBL5279451,
,CHEMBL5279686,
,CHEMBL5280075,
,CHEMBL5280960,
,CHEMBL5282085,
,CHEMBL5283077,
,CHEMBL5284021,
,CHEMBL5286004,
,CHEMBL5286047,
,CHEMBL5291247,
,CHEMBL102659,
,CHEMBL1698776,
,CHEMBL1774575,
,CHEMBL3763396,
,CHEMBL3769930,
,CHEMBL4176080,
,CHEMBL4214248,
,CHEMBL4519018,
,CHEMBL4650795,
,CHEMBL4650909,
,CHEMBL4748908,TP-040n
,CHEMBL4802042,JNJ-54119936
,CHEMBL4802044,JNJ-73924149
,CHEMBL4802050,8RK64
,CHEMBL4846092,
,CHEMBL5082184,
,CHEMBL5086970,
,CHEMBL5174753,
,CHEMBL5176299,
,CHEMBL5187429,
,CHEMBL5188139,
,CHEMBL5189158,
,CHEMBL5189986,
,CHEMBL5190189,
,CHEMBL5266462,
,CHEMBL5267553,
,CHEMBL5269586,
,CHEMBL5272035,
,CHEMBL5272393,
,CHEMBL5272689,
,CHEMBL5274252,
,CHEMBL5274285,
,CHEMBL5275685,
,CHEMBL5276035,
,CHEMBL5279538,
,CHEMBL5280329,
,CHEMBL5280610,
,CHEMBL5285555,
,CHEMBL5287836,
,CHEMBL5288298,
,CHEMBL5288366,
,CHEMBL5289807,
,CHEMBL5289958,
,CHEMBL5290749,
,CHEMBL5306285,
,CHEMBL5316208,
,CHEMBL5393813,
,CHEMBL5395401,
,CHEMBL5395523,
,CHEMBL5396978,
,CHEMBL5397812,
,CHEMBL5397921,
,CHEMBL5398618,
,CHEMBL5400982,
,CHEMBL5401020,
,CHEMBL5402112,
,CHEMBL5402597,
,CHEMBL5402927,
,CHEMBL5403056,
,CHEMBL5403125,
,CHEMBL5403404,
,CHEMBL5403411,
,CHEMBL5404085,
,CHEMBL5404387,
,CHEMBL5404573,
,CHEMBL5406204,
,CHEMBL5406365,
,CHEMBL5408011,
,CHEMBL5408432,
,CHEMBL5409819,
,CHEMBL5410957,
,CHEMBL5412229,
,CHEMBL5413838,
,CHEMBL5416938,
,CHEMBL5417310,
,CHEMBL5417481,
,CHEMBL5418939,
,CHEMBL5419212,
,CHEMBL5419799,
,CHEMBL5421590,
,CHEMBL5421620,
,CHEMBL5423305,
,CHEMBL5424034,
,CHEMBL5425008,
,CHEMBL5425053,
,CHEMBL5426155,
,CHEMBL5426774,
,CHEMBL5427872,
,CHEMBL5430674,
,CHEMBL5431371,
,CHEMBL5431843,
,CHEMBL5432062,
,CHEMBL5434126,
,CHEMBL5435516,
,CHEMBL5437241,
,CHEMBL5437741,
,CHEMBL5438422,
,CHEMBL5439009,
,CHEMBL5439290,
,CHEMBL5439899,
4.0,CHEMBL2,PRAZOSIN
4.0,CHEMBL423,BETAXOLOL
,CHEMBL428504,
,CHEMBL10347,RAUWOLSCINE
4.0,CHEMBL499,TIMOLOL
2.0,CHEMBL267777,RITANSERIN
,CHEMBL15766,LY-255283
,CHEMBL281350,SB-224289
,CHEMBL20963,
,CHEMBL21283,
4.0,CHEMBL639,AZELASTINE
,CHEMBL25230,
,CHEMBL25236,BP-897
,CHEMBL431298,
2.0,CHEMBL292376,TECALCET
,CHEMBL68131,
,CHEMBL68738,N6-CYCLOPENTYLADENOSINE
,CHEMBL71294,
4.0,CHEMBL76370,TEGASEROD
,CHEMBL440687,ABT-724
2.0,CHEMBL79834,SPIRAMIDE
2.0,CHEMBL83894,FANANSERIN
,CHEMBL319118,
,CHEMBL317757,DIFLUOROBENZTROPINE
,CHEMBL106525,
4.0,CHEMBL1218,RAMELTEON
,CHEMBL140979,
,CHEMBL172155,
4.0,CHEMBL439849,VILAZODONE
4.0,CHEMBL1382,TOLTERODINE
,CHEMBL214957,
,CHEMBL225155,
,CHEMBL392760,
,CHEMBL254777,
2.0,CHEMBL405355,NIGULDIPINE
,CHEMBL256470,
4.0,CHEMBL462605,PITOLISANT
,CHEMBL494947,
,CHEMBL489553,rel-RITODRINE
,CHEMBL519240,
,CHEMBL487553,
4.0,CHEMBL1732,DIHYDROERGOTAMINE
2.0,CHEMBL567303,PALOSURAN
3.0,CHEMBL589390,LATREPIRDINE
4.0,CHEMBL1201284,CINACALCET
2.0,CHEMBL1215661,PRUVANSERIN
,CHEMBL1253853,
,CHEMBL1334465,
,CHEMBL1622930,
,CHEMBL1625681,
,CHEMBL2021721,
,CHEMBL2048820,
4.0,CHEMBL2105760,BREXPIPRAZOLE
,CHEMBL2164327,
,CHEMBL2179319,
,CHEMBL2431212,
4.0,CHEMBL3039520,LASMIDITAN
2.0,CHEMBL3305901,MK-0812
,CHEMBL3342358,
,CHEMBL3410223,
,CHEMBL3675743,
,CHEMBL3741589,
,CHEMBL4202825,
,CHEMBL5179132,
,CHEMBL5396440,
,CHEMBL5397467,
,CHEMBL5398701,
,CHEMBL5409958,
,CHEMBL5411964,
,CHEMBL5422761,
,CHEMBL5439058,
,CHEMBL5440801,
,CHEMBL5542124,
,CHEMBL5555452,
,CHEMBL5555550,
,CHEMBL5556096,
,CHEMBL5556112,
,CHEMBL5556546,
,CHEMBL5557188,
,CHEMBL5557616,
,CHEMBL5557959,
,CHEMBL5558253,
,CHEMBL5559576,
,CHEMBL5560083,
,CHEMBL5560361,
,CHEMBL5560383,
,CHEMBL5560508,
,CHEMBL5560605,
,CHEMBL5561142,
,CHEMBL5561354,
,CHEMBL5561656,
,CHEMBL5562425,
,CHEMBL5562796,
,CHEMBL5563524,
,CHEMBL5566302,
,CHEMBL5567296,
,CHEMBL5567530,
,CHEMBL5568028,
,CHEMBL5568294,
,CHEMBL5575320,
,CHEMBL4853196,
,CHEMBL4867297,
,CHEMBL4876663,
,CHEMBL5401938,
,CHEMBL5569258,
,CHEMBL5572105,
,CHEMBL5597677,
,CHEMBL5624542,
,CHEMBL5624574,
,CHEMBL5624651,
,CHEMBL5624713,
,CHEMBL5624838,
,CHEMBL5624846,
,CHEMBL5624896,
,CHEMBL5624962,
,CHEMBL5624996,
,CHEMBL5625019,
,CHEMBL5625042,
,CHEMBL5625109,
,CHEMBL5630062,
,CHEMBL5630078,
,CHEMBL5630085,
,CHEMBL5630104,
,CHEMBL5630130,
,CHEMBL5630149,
,CHEMBL5630165,
,CHEMBL5630209,
,CHEMBL5630253,
,CHEMBL5630374,
,CHEMBL5630466,
,CHEMBL5630613,
,CHEMBL5630724,
,CHEMBL5630747,
,CHEMBL5630761,
,CHEMBL5630787,
,CHEMBL5630941,
,CHEMBL5630963,
,CHEMBL5631035,
,CHEMBL5631099,
,CHEMBL5631105,
,CHEMBL5631121,
,CHEMBL5631181,
,CHEMBL5631215,
,CHEMBL5750888,
,CHEMBL5752966,
,CHEMBL5753572,
,CHEMBL5755473,
,CHEMBL5777736,
,CHEMBL5783755,
,CHEMBL5793914,
,CHEMBL5796179,
,CHEMBL5811349,
,CHEMBL5812901,
,CHEMBL5815237,
,CHEMBL5818991,
,CHEMBL5823135,
,CHEMBL5827028,
,CHEMBL5841969,
,CHEMBL5842725,
,CHEMBL5844716,
,CHEMBL5852926,
,CHEMBL5859046,
,CHEMBL5861338,
,CHEMBL5864724,
,CHEMBL5866374,
,CHEMBL5871057,
,CHEMBL5872171,
,CHEMBL5879895,
,CHEMBL5894654,
,CHEMBL5902857,
,CHEMBL5914083,
,CHEMBL5928382,
,CHEMBL5934024,
,CHEMBL5934082,
,CHEMBL5944526,
,CHEMBL5945487,
,CHEMBL5946331,
,CHEMBL5946543,
,CHEMBL5964118,
,CHEMBL5964764,
,CHEMBL5975554,
,CHEMBL5979974,
,CHEMBL5982604,
,CHEMBL5990621,
,CHEMBL5995733,
,CHEMBL6002762,
,CHEMBL6010674,
,CHEMBL6013608,
,CHEMBL6016888,
,CHEMBL6022823,
,CHEMBL6025397,
,CHEMBL6026313,
,CHEMBL6030320,
,CHEMBL6030456,
,CHEMBL6042113,
,CHEMBL6047079,
,CHEMBL6051981,
,CHEMBL6056346,
,CHEMBL6057860,
,CHEMBL6064287,
,CHEMBL4160064,
,CHEMBL4161503,
,CHEMBL4163428,
,CHEMBL4165863,
,CHEMBL4166883,
,CHEMBL4167315,
,CHEMBL4169689,
,CHEMBL4169752,
,CHEMBL4170703,
,CHEMBL4173095,
,CHEMBL4174128,
,CHEMBL4174189,
,CHEMBL4175187,
,CHEMBL4176474,
,CHEMBL4177497,
,CHEMBL5744962,
,CHEMBL5747675,
,CHEMBL5747908,
,CHEMBL5751695,
,CHEMBL5759354,
,CHEMBL5766943,
,CHEMBL5770059,
,CHEMBL5770203,
,CHEMBL5771575,
,CHEMBL5773047,
,CHEMBL5779046,
,CHEMBL5780375,
,CHEMBL5782090,
,CHEMBL5788445,
,CHEMBL5791520,
,CHEMBL5793732,
,CHEMBL5793758,
,CHEMBL5801743,
,CHEMBL5804744,
,CHEMBL5810728,
,CHEMBL5816391,
,CHEMBL5822215,
,CHEMBL5822250,
,CHEMBL5844043,
,CHEMBL5846956,
,CHEMBL5847892,
,CHEMBL5852509,
,CHEMBL5861158,
,CHEMBL5862271,
,CHEMBL5866363,
,CHEMBL5866499,
,CHEMBL5867036,
,CHEMBL5878363,
,CHEMBL5881029,
,CHEMBL5883330,
,CHEMBL5885099,
,CHEMBL5885902,
,CHEMBL5887106,
,CHEMBL5893963,
,CHEMBL5895404,
,CHEMBL5895757,
,CHEMBL5899919,
,CHEMBL5908631,
,CHEMBL5914741,
,CHEMBL5919710,
,CHEMBL5922949,
,CHEMBL5928278,
,CHEMBL5931154,
,CHEMBL5931677,
,CHEMBL5933569,
,CHEMBL5941082,
,CHEMBL5942858,
,CHEMBL5943350,
,CHEMBL5945562,
,CHEMBL5951080,
,CHEMBL5954389,
,CHEMBL5958474,
,CHEMBL5960929,
,CHEMBL5965714,
,CHEMBL5970083,
,CHEMBL5988809,
,CHEMBL5991759,
,CHEMBL5995834,
,CHEMBL6001750,
,CHEMBL6004687,
,CHEMBL6009260,
,CHEMBL6009714,
,CHEMBL6010041,
,CHEMBL6012918,
,CHEMBL6014257,
,CHEMBL6014946,
,CHEMBL6015969,
,CHEMBL6028929,
,CHEMBL6033554,
,CHEMBL6035943,
,CHEMBL6039152,
,CHEMBL6040331,
,CHEMBL6042700,
,CHEMBL6051349,
,CHEMBL6054017,
,CHEMBL6054373,
,CHEMBL6055313,
,CHEMBL6056068,
,CHEMBL6059566,
,CHEMBL6064201,
,CHEMBL42629,
,CHEMBL4063708,
,CHEMBL4065699,
,CHEMBL4068690,
,CHEMBL4069441,
,CHEMBL4072304,
,CHEMBL4085658,
,CHEMBL4092498,
,CHEMBL4095749,
,CHEMBL4098442,
,CHEMBL4159034,
,CHEMBL4162416,
,CHEMBL4166276,
,CHEMBL5740090,
,CHEMBL5762006,
,CHEMBL5764243,
,CHEMBL5781923,
,CHEMBL5787896,
,CHEMBL5798512,
,CHEMBL5803857,
,CHEMBL5805514,
,CHEMBL5807432,
,CHEMBL5828666,
,CHEMBL5837524,
,CHEMBL5869838,
,CHEMBL5874017,
,CHEMBL5883260,
,CHEMBL5887476,
,CHEMBL5892470,
,CHEMBL5900366,
,CHEMBL5911631,
,CHEMBL5925455,
,CHEMBL5925598,
,CHEMBL5933790,
,CHEMBL5935658,
,CHEMBL5936714,
,CHEMBL5942120,
,CHEMBL5948594,
,CHEMBL5956624,
,CHEMBL5980872,
,CHEMBL5981466,
,CHEMBL5985616,
,CHEMBL5987583,
,CHEMBL5997273,
,CHEMBL6004636,
,CHEMBL6006505,
,CHEMBL6034390,
,CHEMBL6040458,
,CHEMBL6046258,
,CHEMBL6050425,
,CHEMBL6051150,
,CHEMBL6057784,
